n_clusters,K-Means++,SpectralClustering
2,0.15382929659644873,0.15382929659644873
3,0.15688145008827498,0.1593917427442414
4,0.1342354442985873,0.14904034598275107
5,0.16693766219263007,0.16589459577323834
6,0.14783912735789576,0.17696911177768132
7,0.1527087107009207,0.1761450737037265
8,0.1750106932064933,0.19188936229446427
