n_clusters,K-Means++,SpectralClustering
2,1.918202673186858,1.9332633886141906
3,1.5610831157549978,2.02257138558087
4,1.7516207575169291,1.7983558146335739
5,1.7319643354096652,1.7549167788215958
6,1.6240514366791328,1.5568880089699935
7,1.4881024773102833,1.5892051553954316
8,1.5447804352894021,1.465589961816703
