n_clusters,K-Means++,SpectralClustering
2,5.2612417559153055,4.875242937203942
3,4.632405863446938,4.54731891580768
4,4.033152075140845,4.164589871024757
5,3.850706935832422,3.975791711178781
6,3.884032815639724,4.23204199166471
7,3.798334995490016,4.009595262283216
8,4.029990731499308,3.9306607502044795
