n_clusters,K-Means++,SpectralClustering
2,2.1834922751091868,2.3524514358213073
3,2.0084746032686507,1.9985271474534831
4,1.9904791911001942,1.9010505762599292
5,1.7194410214545375,1.6621178817576343
6,1.5308926503290177,1.4939918637359109
7,1.3191252076171023,1.3580891719696961
8,1.2921105479836346,1.2965180691797356
