n_clusters,K-Means++,SpectralClustering
2,79.00706926785367,79.00706926785367
3,105.53565820108325,87.14753703683263
4,115.7551332627685,99.60178802802632
5,129.37607383677832,108.0122196013839
6,152.35440014841072,140.62870809092698
7,180.81791310044224,118.99416479892861
8,197.90295640240936,102.2681493634866
