n_clusters,K-Means++,SpectralClustering
2,1.878628200175878,1.878628200175878
3,1.725179612669882,1.8064886111572076
4,1.6449119734376425,1.6710849300883508
5,1.4887045867794875,1.5035826946625612
6,1.3384993691134277,1.386120257969627
7,1.2460010012327671,1.2283428538208399
8,1.2517232993673124,1.1317377517444445
